game_date,game_type,dbf_id,card_name,card_included_in_games_qdklw,wins,win_rate,total_games_for_card
2017-04-06,2,41099,Jungle Giants,9593,4138,43.13,9588
2017-04-06,2,41168,Open the Waygate,24561,11177,45.5,24516
2017-04-06,2,41222,The Caverns Below,36823,19298,52.4,36708
2017-04-06,2,41368,The Marsh Queen,25464,11187,43.93,25435
2017-04-06,2,41427,Fire Plume's Heart,24337,12706,52.2,24300
2017-04-06,2,41494,Awaken the Makers,18950,9252,48.82,18819
2017-04-06,2,41499,Unite the Murlocs,14260,8397,58.88,14249
2017-04-06,2,41856,Lakkari Sacrifice,13431,5840,43.48,13418
2017-04-06,2,41868,The Last Kaleidosaur,6351,2509,39.5,6349
2017-04-07,2,41099,Jungle Giants,30028,12795,42.61,30017
2017-04-07,2,41168,Open the Waygate,116817,51576,44.15,116610
2017-04-07,2,41222,The Caverns Below,258259,132101,51.15,257252
2017-04-07,2,41368,The Marsh Queen,74979,32350,43.14,74909
2017-04-07,2,41427,Fire Plume's Heart,112750,60791,53.91,112575
2017-04-07,2,41494,Awaken the Makers,70909,33988,47.93,70472
2017-04-07,2,41499,Unite the Murlocs,60777,33671,55.4,60715
2017-04-07,2,41856,Lakkari Sacrifice,41108,17605,42.82,41090
2017-04-07,2,41868,The Last Kaleidosaur,17024,6440,37.82,17024
2017-04-08,2,41099,Jungle Giants,24278,10408,42.87,24268
2017-04-08,2,41168,Open the Waygate,126932,54893,43.24,126718
2017-04-08,2,41222,The Caverns Below,278513,140030,50.27,277667
2017-04-08,2,41368,The Marsh Queen,44938,18950,42.16,44917
2017-04-08,2,41427,Fire Plume's Heart,150725,84090,55.79,150360
2017-04-08,2,41494,Awaken the Makers,60904,28469,46.74,60566
2017-04-08,2,41499,Unite the Murlocs,55045,29396,53.4,55000
2017-04-08,2,41856,Lakkari Sacrifice,23793,9871,41.48,23785
2017-04-08,2,41868,The Last Kaleidosaur,13231,4935,37.29,13230
2017-04-09,2,41099,Jungle Giants,20189,8477,41.98,20184
2017-04-09,2,41168,Open the Waygate,116612,49892,42.78,116441
2017-04-09,2,41222,The Caverns Below,253138,127946,50.54,252398
2017-04-09,2,41368,The Marsh Queen,30440,12917,42.43,30430
2017-04-09,2,41427,Fire Plume's Heart,180441,100622,55.76,179907
2017-04-09,2,41494,Awaken the Makers,57093,26328,46.11,56749
2017-04-09,2,41499,Unite the Murlocs,43779,22876,52.25,43754
2017-04-09,2,41856,Lakkari Sacrifice,14617,5871,40.16,14615
2017-04-09,2,41868,The Last Kaleidosaur,9585,3519,36.71,9584
2017-04-10,2,41099,Jungle Giants,12167,5029,41.33,12163
2017-04-10,2,41168,Open the Waygate,79599,33382,41.93,79505
2017-04-10,2,41222,The Caverns Below,171142,86359,50.46,170737
2017-04-10,2,41368,The Marsh Queen,17633,7346,41.66,17625
2017-04-10,2,41427,Fire Plume's Heart,153530,85060,55.4,153051
2017-04-10,2,41494,Awaken the Makers,36715,16730,45.56,36563
2017-04-10,2,41499,Unite the Murlocs,26270,13591,51.73,26259
2017-04-10,2,41856,Lakkari Sacrifice,8404,3395,40.39,8404
2017-04-10,2,41868,The Last Kaleidosaur,5827,2110,36.21,5827
2017-04-11,2,41099,Jungle Giants,11413,4730,41.44,11411
2017-04-11,2,41168,Open the Waygate,68244,28768,42.15,68173
2017-04-11,2,41222,The Caverns Below,154368,77999,50.52,154066
2017-04-11,2,41368,The Marsh Queen,13753,5724,41.62,13751
2017-04-11,2,41427,Fire Plume's Heart,157725,87305,55.35,157253
2017-04-11,2,41494,Awaken the Makers,31611,14199,44.91,31472
2017-04-11,2,41499,Unite the Murlocs,22571,11574,51.27,22560
2017-04-11,2,41856,Lakkari Sacrifice,7334,2816,38.39,7334
2017-04-11,2,41868,The Last Kaleidosaur,5455,2032,37.25,5455
2017-04-12,2,41099,Jungle Giants,9439,3795,40.2,9439
2017-04-12,2,41168,Open the Waygate,53304,22134,41.52,53259
2017-04-12,2,41222,The Caverns Below,125112,62766,50.16,124870
2017-04-12,2,41368,The Marsh Queen,10252,4277,41.71,10251
2017-04-12,2,41427,Fire Plume's Heart,145649,80295,55.12,145221
2017-04-12,2,41494,Awaken the Makers,24943,11078,44.41,24850
2017-04-12,2,41499,Unite the Murlocs,17378,8737,50.27,17375
2017-04-12,2,41856,Lakkari Sacrifice,5495,2137,38.88,5495
2017-04-12,2,41868,The Last Kaleidosaur,4416,1568,35.5,4416
2017-04-13,2,41099,Jungle Giants,7494,3029,40.41,7493
2017-04-13,2,41168,Open the Waygate,45591,18749,41.12,45552
2017-04-13,2,41222,The Caverns Below,122209,61528,50.34,121953
2017-04-13,2,41368,The Marsh Queen,8829,3601,40.78,8829
2017-04-13,2,41427,Fire Plume's Heart,138860,76045,54.76,138428
2017-04-13,2,41494,Awaken the Makers,21701,9723,44.8,21630
2017-04-13,2,41499,Unite the Murlocs,14422,7211,50,14415
2017-04-13,2,41856,Lakkari Sacrifice,4489,1699,37.84,4488
2017-04-13,2,41868,The Last Kaleidosaur,3787,1339,35.35,3787
2017-08-10,2,41099,Jungle Giants,960,410,42.7,960
2017-08-10,2,41168,Open the Waygate,6507,2798,42.99,6505
2017-08-10,2,41222,The Caverns Below,644,256,39.75,644
2017-08-10,2,41368,The Marsh Queen,858,348,40.55,858
2017-08-10,2,41427,Fire Plume's Heart,14453,7793,53.91,14439
2017-08-10,2,41494,Awaken the Makers,5524,2569,46.5,5518
2017-08-10,2,41499,Unite the Murlocs,1417,674,47.56,1417
2017-08-10,2,41856,Lakkari Sacrifice,1497,624,41.68,1497
2017-08-10,2,41868,The Last Kaleidosaur,397,141,35.51,397
2017-08-10,2,42987,"Thrall, Deathseer",7672,4492,58.55,7661
2017-08-10,2,43392,Valeera the Hollow,4246,1962,46.2,4243
2017-08-10,2,43398,Deathstalker Rexxar,6662,3430,51.48,6653
2017-08-10,2,43406,Uther of the Ebon Blade,8909,4993,56.04,8881
2017-08-10,2,43408,Shadowreaper Anduin,10186,5633,55.3,10153
2017-08-10,2,43415,Bloodreaver Gul'dan,7242,3625,50.05,7226
2017-08-10,2,43417,Malfurion the Pestilent,5556,3250,58.49,5541
2017-08-10,2,43419,Frost Lich Jaina,6402,3199,49.96,6390
2017-08-10,2,43423,Scourgelord Garrosh,3491,1592,45.6,3489
2017-08-11,2,41099,Jungle Giants,2782,1287,46.26,2782
2017-08-11,2,41168,Open the Waygate,16547,7672,46.36,16538
2017-08-11,2,41222,The Caverns Below,749,342,45.66,749
2017-08-11,2,41368,The Marsh Queen,2083,754,36.19,2083
2017-08-11,2,41427,Fire Plume's Heart,13504,6918,51.22,13500
2017-08-11,2,41494,Awaken the Makers,25351,12488,49.26,25310
2017-08-11,2,41499,Unite the Murlocs,2319,1223,52.73,2319
2017-08-11,2,41856,Lakkari Sacrifice,6186,2472,39.96,6186
2017-08-11,2,41868,The Last Kaleidosaur,986,372,37.72,986
2017-08-11,2,42987,"Thrall, Deathseer",77772,43628,56.09,77594
2017-08-11,2,43392,Valeera the Hollow,39030,18331,46.96,38988
2017-08-11,2,43398,Deathstalker Rexxar,72020,36593,50.8,71864
2017-08-11,2,43406,Uther of the Ebon Blade,73412,40847,55.64,73230
2017-08-11,2,43408,Shadowreaper Anduin,112808,62555,55.45,112395
2017-08-11,2,43415,Bloodreaver Gul'dan,133719,69074,51.65,133193
2017-08-11,2,43417,Malfurion the Pestilent,89235,51866,58.12,88889
2017-08-11,2,43419,Frost Lich Jaina,70175,34743,49.5,70022
2017-08-11,2,43423,Scourgelord Garrosh,33115,14766,44.59,33086
2017-08-12,2,41099,Jungle Giants,2677,1231,45.98,2677
2017-08-12,2,41168,Open the Waygate,25966,12147,46.78,25939
2017-08-12,2,41222,The Caverns Below,935,417,44.59,935
2017-08-12,2,41368,The Marsh Queen,1508,555,36.8,1507
2017-08-12,2,41427,Fire Plume's Heart,16219,8284,51.07,16212
2017-08-12,2,41494,Awaken the Makers,24813,12082,48.69,24779
2017-08-12,2,41499,Unite the Murlocs,2623,1273,48.53,2622
2017-08-12,2,41856,Lakkari Sacrifice,4446,1802,40.53,4446
2017-08-12,2,41868,The Last Kaleidosaur,841,349,41.49,841
2017-08-12,2,42987,"Thrall, Deathseer",72497,39936,55.08,72324
2017-08-12,2,43392,Valeera the Hollow,41919,19811,47.26,41879
2017-08-12,2,43398,Deathstalker Rexxar,70309,35728,50.81,70175
2017-08-12,2,43406,Uther of the Ebon Blade,60335,32357,53.62,60215
2017-08-12,2,43408,Shadowreaper Anduin,135616,73553,54.23,135041
2017-08-12,2,43415,Bloodreaver Gul'dan,128649,65718,51.08,128166
2017-08-12,2,43417,Malfurion the Pestilent,139463,79720,57.16,138580
2017-08-12,2,43419,Frost Lich Jaina,66802,32806,49.1,66676
2017-08-12,2,43423,Scourgelord Garrosh,34363,15484,45.06,34333
2017-08-13,2,41099,Jungle Giants,2505,1179,47.06,2505
2017-08-13,2,41168,Open the Waygate,35497,16644,46.88,35435
2017-08-13,2,41222,The Caverns Below,1126,504,44.76,1126
2017-08-13,2,41368,The Marsh Queen,1372,514,37.46,1372
2017-08-13,2,41427,Fire Plume's Heart,15255,7711,50.54,15251
2017-08-13,2,41494,Awaken the Makers,21548,10174,47.21,21531
2017-08-13,2,41499,Unite the Murlocs,2216,1090,49.18,2216
2017-08-13,2,41856,Lakkari Sacrifice,3390,1388,40.94,3389
2017-08-13,2,41868,The Last Kaleidosaur,769,288,37.45,769
2017-08-13,2,42987,"Thrall, Deathseer",71138,39382,55.36,70977
2017-08-13,2,43392,Valeera the Hollow,43469,20811,47.87,43421
2017-08-13,2,43398,Deathstalker Rexxar,63942,32306,50.52,63848
2017-08-13,2,43406,Uther of the Ebon Blade,55398,29410,53.08,55305
2017-08-13,2,43408,Shadowreaper Anduin,155035,83378,53.78,154188
2017-08-13,2,43415,Bloodreaver Gul'dan,120101,60973,50.76,119640
2017-08-13,2,43417,Malfurion the Pestilent,154684,88233,57.04,153670
2017-08-13,2,43419,Frost Lich Jaina,64753,31310,48.35,64633
2017-08-13,2,43423,Scourgelord Garrosh,29442,13112,44.53,29417
2017-08-14,2,41099,Jungle Giants,2610,1190,45.59,2610
2017-08-14,2,41168,Open the Waygate,38047,17544,46.11,37988
2017-08-14,2,41222,The Caverns Below,997,432,43.32,997
2017-08-14,2,41368,The Marsh Queen,1277,493,38.6,1277
2017-08-14,2,41427,Fire Plume's Heart,13466,6686,49.65,13463
2017-08-14,2,41494,Awaken the Makers,16488,7758,47.05,16468
2017-08-14,2,41499,Unite the Murlocs,2227,1111,49.88,2227
2017-08-14,2,41856,Lakkari Sacrifice,2503,1037,41.43,2503
2017-08-14,2,41868,The Last Kaleidosaur,633,264,41.7,633
2017-08-14,2,42987,"Thrall, Deathseer",60211,33145,55.04,60101
2017-08-14,2,43392,Valeera the Hollow,39234,18493,47.13,39185
2017-08-14,2,43398,Deathstalker Rexxar,53141,26901,50.62,53069
2017-08-14,2,43406,Uther of the Ebon Blade,44774,23468,52.41,44730
2017-08-14,2,43408,Shadowreaper Anduin,139799,74117,53.01,139115
2017-08-14,2,43415,Bloodreaver Gul'dan,100147,50911,50.83,99855
2017-08-14,2,43417,Malfurion the Pestilent,145541,82265,56.52,144631
2017-08-14,2,43419,Frost Lich Jaina,56695,27673,48.81,56618
2017-08-14,2,43423,Scourgelord Garrosh,23506,10321,43.9,23492
2017-08-15,2,41099,Jungle Giants,2500,1137,45.48,2499
2017-08-15,2,41168,Open the Waygate,43226,19755,45.7,43144
2017-08-15,2,41222,The Caverns Below,1098,505,45.99,1098
2017-08-15,2,41368,The Marsh Queen,1292,503,38.93,1292
2017-08-15,2,41427,Fire Plume's Heart,11624,5835,50.19,11624
2017-08-15,2,41494,Awaken the Makers,13882,6301,45.38,13872
2017-08-15,2,41499,Unite the Murlocs,1819,897,49.31,1819
2017-08-15,2,41856,Lakkari Sacrifice,2141,901,42.08,2141
2017-08-15,2,41868,The Last Kaleidosaur,672,247,36.75,672
2017-08-15,2,42987,"Thrall, Deathseer",58284,32074,55.03,58179
2017-08-15,2,43392,Valeera the Hollow,39224,18683,47.63,39189
2017-08-15,2,43398,Deathstalker Rexxar,53984,27650,51.21,53905
2017-08-15,2,43406,Uther of the Ebon Blade,40638,21297,52.4,40602
2017-08-15,2,43408,Shadowreaper Anduin,139797,73017,52.23,139094
2017-08-15,2,43415,Bloodreaver Gul'dan,86973,43941,50.52,86780
2017-08-15,2,43417,Malfurion the Pestilent,153902,86247,56.04,152943
2017-08-15,2,43419,Frost Lich Jaina,48237,23599,48.92,48163
2017-08-15,2,43423,Scourgelord Garrosh,19500,8598,44.09,19492
2017-08-16,2,41099,Jungle Giants,2647,1163,43.93,2646
2017-08-16,2,41168,Open the Waygate,41194,19002,46.12,41123
2017-08-16,2,41222,The Caverns Below,1194,511,42.79,1194
2017-08-16,2,41368,The Marsh Queen,975,359,36.82,975
2017-08-16,2,41427,Fire Plume's Heart,10802,5246,48.56,10799
2017-08-16,2,41494,Awaken the Makers,12018,5587,46.48,12006
2017-08-16,2,41499,Unite the Murlocs,1750,870,49.71,1750
2017-08-16,2,41856,Lakkari Sacrifice,1777,686,38.6,1777
2017-08-16,2,41868,The Last Kaleidosaur,727,280,38.51,727
2017-08-16,2,42987,"Thrall, Deathseer",54501,29964,54.97,54409
2017-08-16,2,43392,Valeera the Hollow,38515,18076,46.93,38480
2017-08-16,2,43398,Deathstalker Rexxar,46856,24133,51.5,46807
2017-08-16,2,43406,Uther of the Ebon Blade,35725,18617,52.11,35682
2017-08-16,2,43408,Shadowreaper Anduin,130814,68012,51.99,130199
2017-08-16,2,43415,Bloodreaver Gul'dan,76805,38466,50.08,76633
2017-08-16,2,43417,Malfurion the Pestilent,159923,89588,56.01,158804
2017-08-16,2,43419,Frost Lich Jaina,41764,20288,48.57,41712
2017-08-16,2,43423,Scourgelord Garrosh,18069,8085,44.74,18060
2017-08-17,2,41099,Jungle Giants,2102,953,45.33,2101
2017-08-17,2,41168,Open the Waygate,39003,17501,44.87,38944
2017-08-17,2,41222,The Caverns Below,1017,410,40.31,1017
2017-08-17,2,41368,The Marsh Queen,822,281,34.18,822
2017-08-17,2,41427,Fire Plume's Heart,8599,4155,48.31,8597
2017-08-17,2,41494,Awaken the Makers,8851,3911,44.18,8838
2017-08-17,2,41499,Unite the Murlocs,1308,667,50.99,1308
2017-08-17,2,41856,Lakkari Sacrifice,1355,522,38.52,1355
2017-08-17,2,41868,The Last Kaleidosaur,557,185,33.21,557
2017-08-17,2,42987,"Thrall, Deathseer",47977,26105,54.41,47901
2017-08-17,2,43392,Valeera the Hollow,34683,15820,45.61,34643
2017-08-17,2,43398,Deathstalker Rexxar,42540,22162,52.09,42492
2017-08-17,2,43406,Uther of the Ebon Blade,28422,14530,51.12,28390
2017-08-17,2,43408,Shadowreaper Anduin,110456,56968,51.57,109895
2017-08-17,2,43415,Bloodreaver Gul'dan,64792,32441,50.06,64566
2017-08-17,2,43417,Malfurion the Pestilent,148825,83319,55.98,147771
2017-08-17,2,43419,Frost Lich Jaina,33139,15919,48.03,33071
2017-08-17,2,43423,Scourgelord Garrosh,15042,6681,44.41,15034
2017-12-07,2,41099,Jungle Giants,744,340,45.69,744
2017-12-07,2,41168,Open the Waygate,20072,9022,44.94,20048
2017-12-07,2,41222,The Caverns Below,1081,487,45.05,1081
2017-12-07,2,41368,The Marsh Queen,569,230,40.42,569
2017-12-07,2,41427,Fire Plume's Heart,2833,1408,49.69,2833
2017-12-07,2,41494,Awaken the Makers,3156,1538,48.73,3153
2017-12-07,2,41499,Unite the Murlocs,403,194,48.13,403
2017-12-07,2,41856,Lakkari Sacrifice,2115,834,39.43,2112
2017-12-07,2,41868,The Last Kaleidosaur,1458,629,43.14,1458
2017-12-07,2,42987,"Thrall, Deathseer",19523,10577,54.17,19500
2017-12-07,2,43369,Rhok'delar,8718,5370,61.59,8700
2017-12-07,2,43392,Valeera the Hollow,11653,5057,43.39,11642
2017-12-07,2,43398,Deathstalker Rexxar,26780,15195,56.74,26725
2017-12-07,2,43406,Uther of the Ebon Blade,6438,3297,51.21,6436
2017-12-07,2,43408,Shadowreaper Anduin,75101,40652,54.12,74636
2017-12-07,2,43415,Bloodreaver Gul'dan,60226,32315,53.65,59809
2017-12-07,2,43417,Malfurion the Pestilent,45130,24170,53.55,44956
2017-12-07,2,43419,Frost Lich Jaina,22102,11047,49.98,22047
2017-12-07,2,43423,Scourgelord Garrosh,8031,3708,46.17,8023
2017-12-07,2,43426,Aluneth,7818,4367,55.85,7799
2017-12-07,2,45528,Dragon Soul,3149,1484,47.12,3149
2017-12-07,2,46077,Woecleaver,1540,698,45.32,1537
2017-12-07,2,46107,Twig of the World Tree,1882,957,50.85,1881
2017-12-07,2,46263,Val'anyr,2363,1138,48.15,2363
2017-12-07,2,46299,Skull of the Man'ari,4264,2195,51.47,4251
2017-12-07,2,46305,The Runespear,700,338,48.28,700
2017-12-07,2,47035,Kingsbane,9643,4249,44.06,9619
2017-12-08,2,41099,Jungle Giants,1575,750,47.61,1575
2017-12-08,2,41168,Open the Waygate,13846,5625,40.62,13837
2017-12-08,2,41222,The Caverns Below,3260,1471,45.12,3260
2017-12-08,2,41368,The Marsh Queen,378,127,33.59,378
2017-12-08,2,41427,Fire Plume's Heart,2977,1397,46.92,2977
2017-12-08,2,41494,Awaken the Makers,8043,3896,48.43,8032
2017-12-08,2,41499,Unite the Murlocs,243,122,50.2,243
2017-12-08,2,41856,Lakkari Sacrifice,4825,1814,37.59,4825
2017-12-08,2,41868,The Last Kaleidosaur,4499,1957,43.49,4498
2017-12-08,2,42987,"Thrall, Deathseer",12788,6514,50.93,12778
2017-12-08,2,43369,Rhok'delar,65299,38640,59.17,65100
2017-12-08,2,43392,Valeera the Hollow,25978,10766,41.44,25956
2017-12-08,2,43398,Deathstalker Rexxar,80176,46436,57.91,79878
2017-12-08,2,43406,Uther of the Ebon Blade,7217,3713,51.44,7216
2017-12-08,2,43408,Shadowreaper Anduin,67824,37690,55.57,67548
2017-12-08,2,43415,Bloodreaver Gul'dan,97109,51976,53.52,96179
2017-12-08,2,43417,Malfurion the Pestilent,39090,21014,53.75,38994
2017-12-08,2,43419,Frost Lich Jaina,34105,16701,48.96,34032
2017-12-08,2,43423,Scourgelord Garrosh,13074,5991,45.82,13058
2017-12-08,2,43426,Aluneth,55509,31314,56.41,55362
2017-12-08,2,45528,Dragon Soul,15099,6840,45.3,15077
2017-12-08,2,46077,Woecleaver,10299,4970,48.25,10292
2017-12-08,2,46107,Twig of the World Tree,12200,6396,52.42,12194
2017-12-08,2,46263,Val'anyr,28402,16181,56.97,28355
2017-12-08,2,46299,Skull of the Man'ari,30509,16252,53.26,30410
2017-12-08,2,46305,The Runespear,3422,1575,46.02,3420
2017-12-08,2,47035,Kingsbane,52718,23804,45.15,52624
2017-12-09,2,41099,Jungle Giants,1792,833,46.48,1792
2017-12-09,2,41168,Open the Waygate,12573,5140,40.88,12568
2017-12-09,2,41222,The Caverns Below,3301,1460,44.22,3300
2017-12-09,2,41368,The Marsh Queen,436,191,43.8,436
2017-12-09,2,41427,Fire Plume's Heart,3331,1586,47.61,3331
2017-12-09,2,41494,Awaken the Makers,7237,3456,47.75,7231
2017-12-09,2,41499,Unite the Murlocs,283,133,46.99,283
2017-12-09,2,41856,Lakkari Sacrifice,3640,1332,36.59,3636
2017-12-09,2,41868,The Last Kaleidosaur,3857,1583,41.04,3857
2017-12-09,2,42987,"Thrall, Deathseer",14410,7284,50.54,14403
2017-12-09,2,43369,Rhok'delar,79462,46029,57.92,79202
2017-12-09,2,43392,Valeera the Hollow,27830,11562,41.54,27789
2017-12-09,2,43398,Deathstalker Rexxar,96283,54954,57.07,95909
2017-12-09,2,43406,Uther of the Ebon Blade,7576,3848,50.79,7569
2017-12-09,2,43408,Shadowreaper Anduin,87376,48358,55.34,86954
2017-12-09,2,43415,Bloodreaver Gul'dan,115575,62038,53.67,114556
2017-12-09,2,43417,Malfurion the Pestilent,48965,25831,52.75,48793
2017-12-09,2,43419,Frost Lich Jaina,43242,21314,49.29,43125
2017-12-09,2,43423,Scourgelord Garrosh,18062,8610,47.66,18041
2017-12-09,2,43426,Aluneth,72393,40560,56.02,72181
2017-12-09,2,45528,Dragon Soul,11254,5142,45.69,11247
2017-12-09,2,46077,Woecleaver,15520,7691,49.55,15502
2017-12-09,2,46107,Twig of the World Tree,11085,5557,50.13,11082
2017-12-09,2,46263,Val'anyr,38719,22222,57.39,38621
2017-12-09,2,46299,Skull of the Man'ari,29024,15183,52.31,28939
2017-12-09,2,46305,The Runespear,3872,1748,45.14,3871
2017-12-09,2,47035,Kingsbane,57388,25682,44.75,57289
2017-12-10,2,41099,Jungle Giants,1750,755,43.14,1750
2017-12-10,2,41168,Open the Waygate,11234,4589,40.84,11230
2017-12-10,2,41222,The Caverns Below,3191,1398,43.81,3189
2017-12-10,2,41368,The Marsh Queen,366,164,44.8,366
2017-12-10,2,41427,Fire Plume's Heart,4296,2072,48.23,4295
2017-12-10,2,41494,Awaken the Makers,8029,3834,47.75,8020
2017-12-10,2,41499,Unite the Murlocs,225,110,48.88,225
2017-12-10,2,41856,Lakkari Sacrifice,3097,1127,36.39,3092
2017-12-10,2,41868,The Last Kaleidosaur,3264,1349,41.32,3264
2017-12-10,2,42987,"Thrall, Deathseer",14621,7445,50.91,14616
2017-12-10,2,43369,Rhok'delar,73037,41391,56.67,72849
2017-12-10,2,43392,Valeera the Hollow,25676,10490,40.85,25661
2017-12-10,2,43398,Deathstalker Rexxar,89951,50448,56.08,89671
2017-12-10,2,43406,Uther of the Ebon Blade,8672,4497,51.85,8669
2017-12-10,2,43408,Shadowreaper Anduin,95473,52871,55.37,94993
2017-12-10,2,43415,Bloodreaver Gul'dan,131866,70230,53.25,130560
2017-12-10,2,43417,Malfurion the Pestilent,49740,26068,52.4,49594
2017-12-10,2,43419,Frost Lich Jaina,42568,20900,49.09,42438
2017-12-10,2,43423,Scourgelord Garrosh,16095,7698,47.82,16084
2017-12-10,2,43426,Aluneth,86876,48347,55.65,86577
2017-12-10,2,45528,Dragon Soul,10224,4723,46.19,10220
2017-12-10,2,46077,Woecleaver,12773,6219,48.68,12767
2017-12-10,2,46107,Twig of the World Tree,12004,6128,51.04,11997
2017-12-10,2,46263,Val'anyr,49380,28287,57.28,49221
2017-12-10,2,46299,Skull of the Man'ari,27179,14099,51.87,27113
2017-12-10,2,46305,The Runespear,3494,1584,45.33,3494
2017-12-10,2,47035,Kingsbane,48931,21747,44.44,48849
2017-12-11,2,41099,Jungle Giants,1282,583,45.47,1282
2017-12-11,2,41168,Open the Waygate,8849,3607,40.76,8847
2017-12-11,2,41222,The Caverns Below,2632,1169,44.41,2632
2017-12-11,2,41368,The Marsh Queen,268,104,38.8,268
2017-12-11,2,41427,Fire Plume's Heart,3488,1688,48.39,3487
2017-12-11,2,41494,Awaken the Makers,6721,3067,45.63,6716
2017-12-11,2,41499,Unite the Murlocs,312,156,50,312
2017-12-11,2,41856,Lakkari Sacrifice,2262,821,36.29,2261
2017-12-11,2,41868,The Last Kaleidosaur,2367,935,39.5,2367
2017-12-11,2,42987,"Thrall, Deathseer",12648,6424,50.79,12642
2017-12-11,2,43369,Rhok'delar,54375,30333,55.78,54254
2017-12-11,2,43392,Valeera the Hollow,21674,8835,40.76,21658
2017-12-11,2,43398,Deathstalker Rexxar,67691,37072,54.76,67500
2017-12-11,2,43406,Uther of the Ebon Blade,6912,3560,51.5,6911
2017-12-11,2,43408,Shadowreaper Anduin,91436,50653,55.39,90920
2017-12-11,2,43415,Bloodreaver Gul'dan,121402,65278,53.77,120142
2017-12-11,2,43417,Malfurion the Pestilent,45951,23934,52.08,45802
2017-12-11,2,43419,Frost Lich Jaina,34290,16863,49.17,34206
2017-12-11,2,43423,Scourgelord Garrosh,15407,7222,46.87,15391
2017-12-11,2,43426,Aluneth,73129,39928,54.59,72879
2017-12-11,2,45528,Dragon Soul,7758,3516,45.32,7755
2017-12-11,2,46077,Woecleaver,11515,5633,48.91,11508
2017-12-11,2,46107,Twig of the World Tree,10083,5050,50.08,10077
2017-12-11,2,46263,Val'anyr,39088,21934,56.11,38978
2017-12-11,2,46299,Skull of the Man'ari,20164,10352,51.33,20120
2017-12-11,2,46305,The Runespear,2966,1383,46.62,2966
2017-12-11,2,47035,Kingsbane,37540,16433,43.77,37495
2017-12-12,2,41099,Jungle Giants,156,50,32.05,156
2017-12-12,2,41168,Open the Waygate,759,329,43.34,759
2017-12-12,2,41222,The Caverns Below,210,98,46.66,210
2017-12-12,2,41368,The Marsh Queen,32,15,46.87,32
2017-12-12,2,41427,Fire Plume's Heart,268,120,44.77,268
2017-12-12,2,41494,Awaken the Makers,634,289,45.58,634
2017-12-12,2,41499,Unite the Murlocs,24,14,58.33,24
2017-12-12,2,41856,Lakkari Sacrifice,230,91,39.56,230
2017-12-12,2,41868,The Last Kaleidosaur,209,89,42.58,209
2017-12-12,2,42987,"Thrall, Deathseer",1226,647,52.77,1226
2017-12-12,2,43369,Rhok'delar,3998,2228,55.72,3987
2017-12-12,2,43392,Valeera the Hollow,1892,796,42.07,1890
2017-12-12,2,43398,Deathstalker Rexxar,5088,2782,54.67,5075
2017-12-12,2,43406,Uther of the Ebon Blade,780,400,51.28,778
2017-12-12,2,43408,Shadowreaper Anduin,8525,4712,55.27,8463
2017-12-12,2,43415,Bloodreaver Gul'dan,11089,5942,53.58,10964
2017-12-12,2,43417,Malfurion the Pestilent,4550,2363,51.93,4534
2017-12-12,2,43419,Frost Lich Jaina,3064,1546,50.45,3052
2017-12-12,2,43423,Scourgelord Garrosh,1386,638,46.03,1382
2017-12-12,2,43426,Aluneth,6331,3472,54.84,6312
2017-12-12,2,45528,Dragon Soul,689,312,45.28,689
2017-12-12,2,46077,Woecleaver,1078,520,48.23,1077
2017-12-12,2,46107,Twig of the World Tree,988,473,47.87,987
2017-12-12,2,46263,Val'anyr,3573,1996,55.86,3564
2017-12-12,2,46299,Skull of the Man'ari,1671,842,50.38,1666
2017-12-12,2,46305,The Runespear,270,125,46.29,270
2017-12-12,2,47035,Kingsbane,3028,1334,44.05,3023
2017-04-06,30,41099,Jungle Giants,109,43,39.44,109
2017-04-06,30,41168,Open the Waygate,431,218,50.58,430
2017-04-06,30,41222,The Caverns Below,265,115,43.39,265
2017-04-06,30,41368,The Marsh Queen,219,88,40.18,218
2017-04-06,30,41427,Fire Plume's Heart,482,240,49.79,482
2017-04-06,30,41494,Awaken the Makers,1335,745,55.8,1320
2017-04-06,30,41499,Unite the Murlocs,385,235,61.03,385
2017-04-06,30,41856,Lakkari Sacrifice,163,66,40.49,163
2017-04-06,30,41868,The Last Kaleidosaur,115,41,35.65,115
2017-04-07,30,41099,Jungle Giants,648,301,46.45,648
2017-04-07,30,41168,Open the Waygate,2018,895,44.35,2016
2017-04-07,30,41222,The Caverns Below,2557,1147,44.85,2552
2017-04-07,30,41368,The Marsh Queen,937,355,37.88,937
2017-04-07,30,41427,Fire Plume's Heart,1760,852,48.4,1760
2017-04-07,30,41494,Awaken the Makers,6112,3193,52.24,6050
2017-04-07,30,41499,Unite the Murlocs,1675,978,58.38,1671
2017-04-07,30,41856,Lakkari Sacrifice,891,425,47.69,891
2017-04-07,30,41868,The Last Kaleidosaur,450,173,38.44,450
2017-04-08,30,41099,Jungle Giants,848,369,43.51,848
2017-04-08,30,41168,Open the Waygate,3158,1404,44.45,3157
2017-04-08,30,41222,The Caverns Below,4002,2028,50.67,3995
2017-04-08,30,41368,The Marsh Queen,1083,463,42.75,1082
2017-04-08,30,41427,Fire Plume's Heart,2438,1151,47.21,2436
2017-04-08,30,41494,Awaken the Makers,7943,4086,51.44,7862
2017-04-08,30,41499,Unite the Murlocs,2469,1413,57.22,2469
2017-04-08,30,41856,Lakkari Sacrifice,836,385,46.05,836
2017-04-08,30,41868,The Last Kaleidosaur,721,321,44.52,721
2017-04-09,30,41099,Jungle Giants,1022,459,44.91,1021
2017-04-09,30,41168,Open the Waygate,3076,1357,44.11,3075
2017-04-09,30,41222,The Caverns Below,4240,2090,49.29,4235
2017-04-09,30,41368,The Marsh Queen,927,383,41.31,927
2017-04-09,30,41427,Fire Plume's Heart,2981,1475,49.48,2979
2017-04-09,30,41494,Awaken the Makers,8037,4206,52.33,7960
2017-04-09,30,41499,Unite the Murlocs,2296,1279,55.7,2294
2017-04-09,30,41856,Lakkari Sacrifice,634,288,45.42,634
2017-04-09,30,41868,The Last Kaleidosaur,534,228,42.69,534
2017-04-10,30,41099,Jungle Giants,675,302,44.74,674
2017-04-10,30,41168,Open the Waygate,2111,961,45.52,2110
2017-04-10,30,41222,The Caverns Below,3300,1665,50.45,3299
2017-04-10,30,41368,The Marsh Queen,594,262,44.1,594
2017-04-10,30,41427,Fire Plume's Heart,2471,1305,52.81,2466
2017-04-10,30,41494,Awaken the Makers,5377,2791,51.9,5341
2017-04-10,30,41499,Unite the Murlocs,1623,927,57.11,1623
2017-04-10,30,41856,Lakkari Sacrifice,432,204,47.22,431
2017-04-10,30,41868,The Last Kaleidosaur,465,204,43.87,465
2017-04-11,30,41099,Jungle Giants,658,286,43.46,658
2017-04-11,30,41168,Open the Waygate,2223,998,44.89,2221
2017-04-11,30,41222,The Caverns Below,3163,1603,50.67,3160
2017-04-11,30,41368,The Marsh Queen,639,248,38.81,639
2017-04-11,30,41427,Fire Plume's Heart,2965,1554,52.41,2960
2017-04-11,30,41494,Awaken the Makers,5886,3029,51.46,5834
2017-04-11,30,41499,Unite the Murlocs,1689,920,54.47,1687
2017-04-11,30,41856,Lakkari Sacrifice,438,196,44.74,438
2017-04-11,30,41868,The Last Kaleidosaur,452,207,45.79,452
2017-04-12,30,41099,Jungle Giants,540,250,46.29,540
2017-04-12,30,41168,Open the Waygate,1646,713,43.31,1646
2017-04-12,30,41222,The Caverns Below,2903,1571,54.11,2901
2017-04-12,30,41368,The Marsh Queen,532,233,43.79,532
2017-04-12,30,41427,Fire Plume's Heart,2396,1226,51.16,2395
2017-04-12,30,41494,Awaken the Makers,5147,2708,52.61,5108
2017-04-12,30,41499,Unite the Murlocs,1374,764,55.6,1374
2017-04-12,30,41856,Lakkari Sacrifice,299,127,42.47,299
2017-04-12,30,41868,The Last Kaleidosaur,407,183,44.96,407
2017-04-13,30,41099,Jungle Giants,632,285,45.09,632
2017-04-13,30,41168,Open the Waygate,1604,706,44.01,1603
2017-04-13,30,41222,The Caverns Below,2887,1488,51.54,2885
2017-04-13,30,41368,The Marsh Queen,371,159,42.85,371
2017-04-13,30,41427,Fire Plume's Heart,2539,1300,51.2,2535
2017-04-13,30,41494,Awaken the Makers,4796,2477,51.64,4754
2017-04-13,30,41499,Unite the Murlocs,1245,708,56.86,1245
2017-04-13,30,41856,Lakkari Sacrifice,326,138,42.33,326
2017-04-13,30,41868,The Last Kaleidosaur,438,185,42.23,438
2017-08-10,30,41099,Jungle Giants,246,113,45.93,246
2017-08-10,30,41168,Open the Waygate,899,391,43.49,897
2017-08-10,30,41222,The Caverns Below,157,78,49.68,157
2017-08-10,30,41368,The Marsh Queen,170,63,37.05,170
2017-08-10,30,41427,Fire Plume's Heart,1021,547,53.57,1020
2017-08-10,30,41494,Awaken the Makers,2729,1417,51.92,2717
2017-08-10,30,41499,Unite the Murlocs,558,353,63.26,558
2017-08-10,30,41856,Lakkari Sacrifice,174,67,38.5,173
2017-08-10,30,41868,The Last Kaleidosaur,120,43,35.83,120
2017-08-10,30,42987,"Thrall, Deathseer",167,103,61.67,167
2017-08-10,30,43392,Valeera the Hollow,223,100,44.84,223
2017-08-10,30,43398,Deathstalker Rexxar,422,229,54.26,422
2017-08-10,30,43406,Uther of the Ebon Blade,532,290,54.51,532
2017-08-10,30,43408,Shadowreaper Anduin,847,479,56.55,846
2017-08-10,30,43415,Bloodreaver Gul'dan,551,328,59.52,551
2017-08-10,30,43417,Malfurion the Pestilent,250,137,54.8,250
2017-08-10,30,43419,Frost Lich Jaina,375,180,48,375
2017-08-10,30,43423,Scourgelord Garrosh,122,69,56.55,122
2017-08-11,30,41099,Jungle Giants,258,124,48.06,258
2017-08-11,30,41168,Open the Waygate,717,321,44.76,717
2017-08-11,30,41222,The Caverns Below,100,46,46,100
2017-08-11,30,41368,The Marsh Queen,244,100,40.98,244
2017-08-11,30,41427,Fire Plume's Heart,680,325,47.79,680
2017-08-11,30,41494,Awaken the Makers,4697,2570,54.71,4683
2017-08-11,30,41499,Unite the Murlocs,489,298,60.94,489
2017-08-11,30,41856,Lakkari Sacrifice,406,184,45.32,406
2017-08-11,30,41868,The Last Kaleidosaur,151,71,47.01,151
2017-08-11,30,42987,"Thrall, Deathseer",2416,1349,55.83,2414
2017-08-11,30,43392,Valeera the Hollow,2629,1268,48.23,2627
2017-08-11,30,43398,Deathstalker Rexxar,3939,2084,52.9,3938
2017-08-11,30,43406,Uther of the Ebon Blade,4324,2377,54.97,4319
2017-08-11,30,43408,Shadowreaper Anduin,7978,4544,56.95,7956
2017-08-11,30,43415,Bloodreaver Gul'dan,7206,4130,57.31,7186
2017-08-11,30,43417,Malfurion the Pestilent,2481,1372,55.3,2481
2017-08-11,30,43419,Frost Lich Jaina,4010,2029,50.59,4008
2017-08-11,30,43423,Scourgelord Garrosh,1277,615,48.15,1277
2017-08-12,30,41099,Jungle Giants,289,144,49.82,289
2017-08-12,30,41168,Open the Waygate,1100,502,45.63,1099
2017-08-12,30,41222,The Caverns Below,168,91,54.16,168
2017-08-12,30,41368,The Marsh Queen,204,95,46.56,204
2017-08-12,30,41427,Fire Plume's Heart,798,397,49.74,798
2017-08-12,30,41494,Awaken the Makers,5099,2713,53.2,5085
2017-08-12,30,41499,Unite the Murlocs,563,351,62.34,563
2017-08-12,30,41856,Lakkari Sacrifice,400,184,46,400
2017-08-12,30,41868,The Last Kaleidosaur,165,59,35.75,165
2017-08-12,30,42987,"Thrall, Deathseer",2669,1526,57.17,2668
2017-08-12,30,43392,Valeera the Hollow,3788,1801,47.54,3784
2017-08-12,30,43398,Deathstalker Rexxar,4550,2408,52.92,4543
2017-08-12,30,43406,Uther of the Ebon Blade,3669,1999,54.48,3664
2017-08-12,30,43408,Shadowreaper Anduin,9553,5347,55.97,9524
2017-08-12,30,43415,Bloodreaver Gul'dan,7767,4437,57.12,7748
2017-08-12,30,43417,Malfurion the Pestilent,3725,2092,56.16,3722
2017-08-12,30,43419,Frost Lich Jaina,3980,2042,51.3,3975
2017-08-12,30,43423,Scourgelord Garrosh,1375,674,49.01,1374
2017-08-13,30,41099,Jungle Giants,269,124,46.09,269
2017-08-13,30,41168,Open the Waygate,1325,647,48.83,1325
2017-08-13,30,41222,The Caverns Below,193,96,49.74,193
2017-08-13,30,41368,The Marsh Queen,139,50,35.97,139
2017-08-13,30,41427,Fire Plume's Heart,884,409,46.26,884
2017-08-13,30,41494,Awaken the Makers,4690,2478,52.83,4677
2017-08-13,30,41499,Unite the Murlocs,623,389,62.43,623
2017-08-13,30,41856,Lakkari Sacrifice,335,156,46.56,335
2017-08-13,30,41868,The Last Kaleidosaur,134,65,48.5,134
2017-08-13,30,42987,"Thrall, Deathseer",2384,1384,58.05,2382
2017-08-13,30,43392,Valeera the Hollow,3488,1702,48.79,3487
2017-08-13,30,43398,Deathstalker Rexxar,4977,2618,52.6,4974
2017-08-13,30,43406,Uther of the Ebon Blade,3393,1861,54.84,3390
2017-08-13,30,43408,Shadowreaper Anduin,9502,5197,54.69,9468
2017-08-13,30,43415,Bloodreaver Gul'dan,7275,4029,55.38,7257
2017-08-13,30,43417,Malfurion the Pestilent,3817,2147,56.24,3812
2017-08-13,30,43419,Frost Lich Jaina,3999,2062,51.56,3997
2017-08-13,30,43423,Scourgelord Garrosh,1286,643,50,1286
2017-08-14,30,41099,Jungle Giants,277,134,48.37,277
2017-08-14,30,41168,Open the Waygate,1129,518,45.88,1129
2017-08-14,30,41222,The Caverns Below,176,81,46.02,176
2017-08-14,30,41368,The Marsh Queen,123,44,35.77,123
2017-08-14,30,41427,Fire Plume's Heart,768,384,50,768
2017-08-14,30,41494,Awaken the Makers,4111,2092,50.88,4101
2017-08-14,30,41499,Unite the Murlocs,569,343,60.28,569
2017-08-14,30,41856,Lakkari Sacrifice,251,121,48.2,251
2017-08-14,30,41868,The Last Kaleidosaur,129,61,47.28,129
2017-08-14,30,42987,"Thrall, Deathseer",2421,1372,56.67,2419
2017-08-14,30,43392,Valeera the Hollow,3760,1848,49.14,3759
2017-08-14,30,43398,Deathstalker Rexxar,4707,2581,54.83,4702
2017-08-14,30,43406,Uther of the Ebon Blade,3169,1714,54.08,3168
2017-08-14,30,43408,Shadowreaper Anduin,8275,4569,55.21,8249
2017-08-14,30,43415,Bloodreaver Gul'dan,6603,3724,56.39,6590
2017-08-14,30,43417,Malfurion the Pestilent,3776,2168,57.41,3775
2017-08-14,30,43419,Frost Lich Jaina,3602,1807,50.16,3598
2017-08-14,30,43423,Scourgelord Garrosh,1017,503,49.45,1017
2017-08-15,30,41099,Jungle Giants,339,162,47.78,338
2017-08-15,30,41168,Open the Waygate,1183,504,42.6,1182
2017-08-15,30,41222,The Caverns Below,152,72,47.36,152
2017-08-15,30,41368,The Marsh Queen,123,51,41.46,123
2017-08-15,30,41427,Fire Plume's Heart,673,330,49.03,673
2017-08-15,30,41494,Awaken the Makers,3734,1994,53.4,3721
2017-08-15,30,41499,Unite the Murlocs,624,370,59.29,624
2017-08-15,30,41856,Lakkari Sacrifice,319,135,42.31,319
2017-08-15,30,41868,The Last Kaleidosaur,82,32,39.02,82
2017-08-15,30,42987,"Thrall, Deathseer",2275,1299,57.09,2274
2017-08-15,30,43392,Valeera the Hollow,3514,1688,48.03,3513
2017-08-15,30,43398,Deathstalker Rexxar,4208,2338,55.56,4202
2017-08-15,30,43406,Uther of the Ebon Blade,2853,1551,54.36,2851
2017-08-15,30,43408,Shadowreaper Anduin,8845,4875,55.11,8827
2017-08-15,30,43415,Bloodreaver Gul'dan,5964,3337,55.95,5960
2017-08-15,30,43417,Malfurion the Pestilent,4114,2353,57.19,4105
2017-08-15,30,43419,Frost Lich Jaina,3044,1582,51.97,3042
2017-08-15,30,43423,Scourgelord Garrosh,1034,539,52.12,1034
2017-08-16,30,41099,Jungle Giants,258,114,44.18,258
2017-08-16,30,41168,Open the Waygate,1205,529,43.9,1205
2017-08-16,30,41222,The Caverns Below,113,48,42.47,113
2017-08-16,30,41368,The Marsh Queen,135,55,40.74,135
2017-08-16,30,41427,Fire Plume's Heart,704,328,46.59,704
2017-08-16,30,41494,Awaken the Makers,3558,1848,51.93,3549
2017-08-16,30,41499,Unite the Murlocs,481,288,59.87,481
2017-08-16,30,41856,Lakkari Sacrifice,173,83,47.97,173
2017-08-16,30,41868,The Last Kaleidosaur,68,27,39.7,68
2017-08-16,30,42987,"Thrall, Deathseer",2374,1401,59.01,2373
2017-08-16,30,43392,Valeera the Hollow,3428,1660,48.42,3427
2017-08-16,30,43398,Deathstalker Rexxar,4068,2223,54.64,4066
2017-08-16,30,43406,Uther of the Ebon Blade,2761,1547,56.03,2757
2017-08-16,30,43408,Shadowreaper Anduin,8354,4665,55.84,8329
2017-08-16,30,43415,Bloodreaver Gul'dan,5780,3166,54.77,5773
2017-08-16,30,43417,Malfurion the Pestilent,4064,2388,58.75,4056
2017-08-16,30,43419,Frost Lich Jaina,3137,1623,51.73,3137
2017-08-16,30,43423,Scourgelord Garrosh,1137,558,49.07,1137
2017-08-17,30,41099,Jungle Giants,210,97,46.19,210
2017-08-17,30,41168,Open the Waygate,1094,491,44.88,1093
2017-08-17,30,41222,The Caverns Below,99,51,51.51,99
2017-08-17,30,41368,The Marsh Queen,131,56,42.74,131
2017-08-17,30,41427,Fire Plume's Heart,643,312,48.52,643
2017-08-17,30,41494,Awaken the Makers,2919,1510,51.73,2896
2017-08-17,30,41499,Unite the Murlocs,433,258,59.58,433
2017-08-17,30,41856,Lakkari Sacrifice,212,102,48.11,212
2017-08-17,30,41868,The Last Kaleidosaur,49,17,34.69,49
2017-08-17,30,42987,"Thrall, Deathseer",1676,966,57.63,1675
2017-08-17,30,43392,Valeera the Hollow,3180,1558,48.99,3179
2017-08-17,30,43398,Deathstalker Rexxar,3345,1889,56.47,3338
2017-08-17,30,43406,Uther of the Ebon Blade,2364,1263,53.42,2363
2017-08-17,30,43408,Shadowreaper Anduin,8066,4479,55.52,8017
2017-08-17,30,43415,Bloodreaver Gul'dan,5327,2957,55.5,5312
2017-08-17,30,43417,Malfurion the Pestilent,3762,2190,58.21,3749
2017-08-17,30,43419,Frost Lich Jaina,2660,1389,52.21,2655
2017-08-17,30,43423,Scourgelord Garrosh,800,377,47.12,800
2017-12-07,30,41099,Jungle Giants,215,91,42.32,215
2017-12-07,30,41168,Open the Waygate,688,323,46.94,688
2017-12-07,30,41222,The Caverns Below,71,30,42.25,71
2017-12-07,30,41368,The Marsh Queen,63,28,44.44,63
2017-12-07,30,41427,Fire Plume's Heart,327,166,50.76,327
2017-12-07,30,41494,Awaken the Makers,1092,550,50.36,1091
2017-12-07,30,41499,Unite the Murlocs,287,163,56.79,287
2017-12-07,30,41856,Lakkari Sacrifice,202,81,40.09,202
2017-12-07,30,41868,The Last Kaleidosaur,75,37,49.33,75
2017-12-07,30,42987,"Thrall, Deathseer",959,505,52.65,958
2017-12-07,30,43369,Rhok'delar,207,124,59.9,207
2017-12-07,30,43392,Valeera the Hollow,2098,1018,48.52,2095
2017-12-07,30,43398,Deathstalker Rexxar,2264,1279,56.49,2263
2017-12-07,30,43406,Uther of the Ebon Blade,831,446,53.67,831
2017-12-07,30,43408,Shadowreaper Anduin,7454,4190,56.21,7425
2017-12-07,30,43415,Bloodreaver Gul'dan,4559,2570,56.37,4544
2017-12-07,30,43417,Malfurion the Pestilent,2352,1305,55.48,2348
2017-12-07,30,43419,Frost Lich Jaina,2414,1312,54.34,2407
2017-12-07,30,43423,Scourgelord Garrosh,602,282,46.84,600
2017-12-07,30,43426,Aluneth,348,189,54.31,348
2017-12-07,30,45528,Dragon Soul,115,57,49.56,115
2017-12-07,30,46077,Woecleaver,52,23,44.23,52
2017-12-07,30,46107,Twig of the World Tree,101,44,43.56,101
2017-12-07,30,46263,Val'anyr,190,102,53.68,190
2017-12-07,30,46299,Skull of the Man'ari,201,126,62.68,200
2017-12-07,30,46305,The Runespear,39,12,30.76,39
2017-12-07,30,47035,Kingsbane,646,328,50.77,644
2017-12-08,30,41099,Jungle Giants,154,78,50.64,154
2017-12-08,30,41168,Open the Waygate,671,291,43.36,671
2017-12-08,30,41222,The Caverns Below,195,84,43.07,195
2017-12-08,30,41368,The Marsh Queen,56,28,50,56
2017-12-08,30,41427,Fire Plume's Heart,177,78,44.06,177
2017-12-08,30,41494,Awaken the Makers,1289,705,54.69,1285
2017-12-08,30,41499,Unite the Murlocs,88,50,56.81,88
2017-12-08,30,41856,Lakkari Sacrifice,359,153,42.61,359
2017-12-08,30,41868,The Last Kaleidosaur,210,84,40,210
2017-12-08,30,42987,"Thrall, Deathseer",685,376,54.89,685
2017-12-08,30,43369,Rhok'delar,1254,676,53.9,1254
2017-12-08,30,43392,Valeera the Hollow,3062,1360,44.41,3057
2017-12-08,30,43398,Deathstalker Rexxar,2496,1377,55.16,2494
2017-12-08,30,43406,Uther of the Ebon Blade,770,407,52.85,770
2017-12-08,30,43408,Shadowreaper Anduin,5118,2939,57.42,5090
2017-12-08,30,43415,Bloodreaver Gul'dan,5433,3142,57.83,5402
2017-12-08,30,43417,Malfurion the Pestilent,1653,883,53.41,1646
2017-12-08,30,43419,Frost Lich Jaina,2020,975,48.26,2015
2017-12-08,30,43423,Scourgelord Garrosh,401,173,43.14,401
2017-12-08,30,43426,Aluneth,1970,1102,55.93,1970
2017-12-08,30,45528,Dragon Soul,603,299,49.58,603
2017-12-08,30,46077,Woecleaver,404,172,42.57,404
2017-12-08,30,46107,Twig of the World Tree,631,320,50.71,631
2017-12-08,30,46263,Val'anyr,969,543,56.03,969
2017-12-08,30,46299,Skull of the Man'ari,1577,920,58.33,1575
2017-12-08,30,46305,The Runespear,190,89,46.84,190
2017-12-08,30,47035,Kingsbane,4037,2010,49.78,4034
2017-12-09,30,41099,Jungle Giants,213,92,43.19,213
2017-12-09,30,41168,Open the Waygate,650,259,39.84,650
2017-12-09,30,41222,The Caverns Below,146,57,39.04,146
2017-12-09,30,41368,The Marsh Queen,72,29,40.27,72
2017-12-09,30,41427,Fire Plume's Heart,255,110,43.13,255
2017-12-09,30,41494,Awaken the Makers,1658,842,50.78,1655
2017-12-09,30,41499,Unite the Murlocs,145,82,56.55,145
2017-12-09,30,41856,Lakkari Sacrifice,330,145,43.93,330
2017-12-09,30,41868,The Last Kaleidosaur,257,114,44.35,257
2017-12-09,30,42987,"Thrall, Deathseer",682,358,52.49,682
2017-12-09,30,43369,Rhok'delar,1525,863,56.59,1524
2017-12-09,30,43392,Valeera the Hollow,3146,1450,46.09,3142
2017-12-09,30,43398,Deathstalker Rexxar,3168,1785,56.34,3163
2017-12-09,30,43406,Uther of the Ebon Blade,895,489,54.63,895
2017-12-09,30,43408,Shadowreaper Anduin,6389,3589,56.17,6367
2017-12-09,30,43415,Bloodreaver Gul'dan,6256,3537,56.53,6217
2017-12-09,30,43417,Malfurion the Pestilent,2433,1288,52.93,2429
2017-12-09,30,43419,Frost Lich Jaina,2029,991,48.84,2023
2017-12-09,30,43423,Scourgelord Garrosh,478,216,45.18,478
2017-12-09,30,43426,Aluneth,2716,1642,60.45,2712
2017-12-09,30,45528,Dragon Soul,585,255,43.58,585
2017-12-09,30,46077,Woecleaver,494,239,48.38,494
2017-12-09,30,46107,Twig of the World Tree,812,398,49.01,811
2017-12-09,30,46263,Val'anyr,1213,648,53.42,1211
2017-12-09,30,46299,Skull of the Man'ari,1651,955,57.84,1649
2017-12-09,30,46305,The Runespear,170,83,48.82,170
2017-12-09,30,47035,Kingsbane,4470,2286,51.14,4463
2017-12-10,30,41099,Jungle Giants,242,106,43.8,241
2017-12-10,30,41168,Open the Waygate,654,265,40.51,654
2017-12-10,30,41222,The Caverns Below,131,55,41.98,131
2017-12-10,30,41368,The Marsh Queen,76,39,51.31,76
2017-12-10,30,41427,Fire Plume's Heart,317,151,47.63,317
2017-12-10,30,41494,Awaken the Makers,1580,847,53.6,1572
2017-12-10,30,41499,Unite the Murlocs,251,156,62.15,251
2017-12-10,30,41856,Lakkari Sacrifice,340,143,42.05,340
2017-12-10,30,41868,The Last Kaleidosaur,278,133,47.84,278
2017-12-10,30,42987,"Thrall, Deathseer",713,389,54.55,713
2017-12-10,30,43369,Rhok'delar,1381,755,54.67,1381
2017-12-10,30,43392,Valeera the Hollow,2874,1367,47.56,2871
2017-12-10,30,43398,Deathstalker Rexxar,2835,1609,56.75,2830
2017-12-10,30,43406,Uther of the Ebon Blade,882,480,54.42,881
2017-12-10,30,43408,Shadowreaper Anduin,6110,3485,57.03,6084
2017-12-10,30,43415,Bloodreaver Gul'dan,6534,3692,56.5,6491
2017-12-10,30,43417,Malfurion the Pestilent,2266,1188,52.42,2266
2017-12-10,30,43419,Frost Lich Jaina,2375,1193,50.23,2367
2017-12-10,30,43423,Scourgelord Garrosh,639,329,51.48,639
2017-12-10,30,43426,Aluneth,3013,1754,58.21,3009
2017-12-10,30,45528,Dragon Soul,377,186,49.33,377
2017-12-10,30,46077,Woecleaver,609,308,50.57,609
2017-12-10,30,46107,Twig of the World Tree,657,305,46.42,657
2017-12-10,30,46263,Val'anyr,1323,785,59.33,1321
2017-12-10,30,46299,Skull of the Man'ari,1484,840,56.6,1481
2017-12-10,30,46305,The Runespear,302,168,55.62,302
2017-12-10,30,47035,Kingsbane,4022,2034,50.57,4021
2017-12-11,30,41099,Jungle Giants,197,87,44.16,197
2017-12-11,30,41168,Open the Waygate,583,247,42.36,582
2017-12-11,30,41222,The Caverns Below,94,37,39.36,94
2017-12-11,30,41368,The Marsh Queen,80,29,36.25,80
2017-12-11,30,41427,Fire Plume's Heart,353,176,49.85,353
2017-12-11,30,41494,Awaken the Makers,1341,683,50.93,1336
2017-12-11,30,41499,Unite the Murlocs,209,131,62.67,209
2017-12-11,30,41856,Lakkari Sacrifice,181,69,38.12,181
2017-12-11,30,41868,The Last Kaleidosaur,251,115,45.81,251
2017-12-11,30,42987,"Thrall, Deathseer",893,477,53.41,893
2017-12-11,30,43369,Rhok'delar,1141,635,55.65,1140
2017-12-11,30,43392,Valeera the Hollow,2335,1077,46.12,2334
2017-12-11,30,43398,Deathstalker Rexxar,2407,1335,55.46,2404
2017-12-11,30,43406,Uther of the Ebon Blade,971,515,53.03,971
2017-12-11,30,43408,Shadowreaper Anduin,5637,3163,56.11,5605
2017-12-11,30,43415,Bloodreaver Gul'dan,5961,3389,56.85,5916
2017-12-11,30,43417,Malfurion the Pestilent,2256,1221,54.12,2255
2017-12-11,30,43419,Frost Lich Jaina,2015,1006,49.92,2006
2017-12-11,30,43423,Scourgelord Garrosh,425,202,47.52,425
2017-12-11,30,43426,Aluneth,2921,1654,56.62,2917
2017-12-11,30,45528,Dragon Soul,301,153,50.83,301
2017-12-11,30,46077,Woecleaver,448,205,45.75,448
2017-12-11,30,46107,Twig of the World Tree,666,336,50.45,665
2017-12-11,30,46263,Val'anyr,2224,1420,63.84,2216
2017-12-11,30,46299,Skull of the Man'ari,1135,626,55.15,1132
2017-12-11,30,46305,The Runespear,207,94,45.41,207
2017-12-11,30,47035,Kingsbane,3583,1858,51.85,3581
2017-12-12,30,41099,Jungle Giants,20,12,60,20
2017-12-12,30,41168,Open the Waygate,30,15,50,30
2017-12-12,30,41222,The Caverns Below,3,1,33.33,3
2017-12-12,30,41368,The Marsh Queen,5,2,40,5
2017-12-12,30,41427,Fire Plume's Heart,16,9,56.25,16
2017-12-12,30,41494,Awaken the Makers,131,71,54.19,130
2017-12-12,30,41499,Unite the Murlocs,21,12,57.14,21
2017-12-12,30,41856,Lakkari Sacrifice,22,13,59.09,22
2017-12-12,30,41868,The Last Kaleidosaur,12,6,50,12
2017-12-12,30,42987,"Thrall, Deathseer",60,30,50,60
2017-12-12,30,43369,Rhok'delar,87,47,54.02,87
2017-12-12,30,43392,Valeera the Hollow,225,95,42.22,225
2017-12-12,30,43398,Deathstalker Rexxar,272,148,54.41,272
2017-12-12,30,43406,Uther of the Ebon Blade,104,60,57.69,103
2017-12-12,30,43408,Shadowreaper Anduin,508,287,56.49,507
2017-12-12,30,43415,Bloodreaver Gul'dan,573,323,56.36,567
2017-12-12,30,43417,Malfurion the Pestilent,269,148,55.01,269
2017-12-12,30,43419,Frost Lich Jaina,185,97,52.43,185
2017-12-12,30,43423,Scourgelord Garrosh,55,30,54.54,55
2017-12-12,30,43426,Aluneth,232,134,57.75,232
2017-12-12,30,45528,Dragon Soul,30,18,60,30
2017-12-12,30,46077,Woecleaver,31,16,51.61,31
2017-12-12,30,46107,Twig of the World Tree,54,25,46.29,54
2017-12-12,30,46263,Val'anyr,298,195,65.43,298
2017-12-12,30,46299,Skull of the Man'ari,112,62,55.35,112
2017-12-12,30,46305,The Runespear,29,19,65.51,29
2017-12-12,30,47035,Kingsbane,342,162,47.36,341